{"cameraMode":{"drawMode":0,"name":"Shaded","section":"Shading Mode"},"sceneLighting":true,"audioPlay":false,"sceneViewState":{"showFog":true,"showMaterialUpdate":true,"showSkybox":false,"showFlares":true,"showImageEffects":true,"showParticleSystems":true},"in2DMode":false,"pivot":{"x":-2.500499963760376,"y":5.520500183105469,"z":-18.165498733520509},"rotation":{"x":-0.08333505690097809,"y":-0.7126967906951904,"z":0.08594749867916107,"w":-0.6912174820899963},"size":19.840621948242189,"orthographic":false}