{"cameraMode":{"drawMode":0,"name":"Shaded","section":"Shading Mode"},"sceneLighting":true,"audioPlay":false,"sceneViewState":{"showFog":true,"showMaterialUpdate":true,"showSkybox":true,"showFlares":true,"showImageEffects":true,"showParticleSystems":true},"in2DMode":false,"pivot":{"x":-0.48915016651153567,"y":8.415674209594727,"z":-34.338844299316409},"rotation":{"x":-0.18422888219356538,"y":0.08984380215406418,"z":-0.01647813245654106,"w":-0.9788223505020142},"size":5.903026103973389,"orthographic":false}