{"cameraMode":{"drawMode":0,"name":"Shaded","section":"Shading Mode"},"sceneLighting":true,"audioPlay":false,"sceneViewState":{"showFog":true,"showMaterialUpdate":true,"showSkybox":false,"showFlares":true,"showImageEffects":true,"showParticleSystems":true},"in2DMode":false,"pivot":{"x":3.272806167602539,"y":4.918898105621338,"z":-1.3274849653244019},"rotation":{"x":-0.08333505690097809,"y":-0.7126967906951904,"z":0.08594749867916107,"w":-0.6912174820899963},"size":6.252101421356201,"orthographic":false}