{"cameraMode":{"drawMode":0,"name":"Shaded","section":"Shading Mode"},"sceneLighting":true,"audioPlay":false,"sceneViewState":{"showFog":true,"showMaterialUpdate":true,"showSkybox":false,"showFlares":true,"showImageEffects":true,"showParticleSystems":true},"in2DMode":false,"pivot":{"x":13.15000057220459,"y":7.356375694274902,"z":-3.830000877380371},"rotation":{"x":-0.1932242512702942,"y":-0.33346542716026308,"z":0.07004952430725098,"w":-0.9201132655143738},"size":23.836992263793947,"orthographic":false}