{"cameraMode":{"drawMode":0,"name":"Shaded","section":"Shading Mode"},"sceneLighting":true,"audioPlay":false,"sceneViewState":{"showFog":true,"showMaterialUpdate":true,"showSkybox":false,"showFlares":true,"showImageEffects":true,"showParticleSystems":true},"in2DMode":false,"pivot":{"x":3.9834060668945314,"y":7.378448486328125,"z":5.668479919433594},"rotation":{"x":-0.1932242512702942,"y":-0.33346542716026308,"z":0.07004952430725098,"w":-0.9201132655143738},"size":20.529809951782228,"orthographic":false}