{"cameraMode":{"drawMode":0,"name":"Shaded","section":"Shading Mode"},"sceneLighting":true,"audioPlay":false,"sceneViewState":{"showFog":true,"showMaterialUpdate":true,"showSkybox":false,"showFlares":true,"showImageEffects":true,"showParticleSystems":true},"in2DMode":false,"pivot":{"x":2.2255001068115236,"y":5.5954999923706059,"z":-19.02549934387207},"rotation":{"x":-0.08333505690097809,"y":-0.7126967906951904,"z":0.08594749867916107,"w":-0.6912174820899963},"size":20.6356143951416,"orthographic":false}