{"cameraMode":{"drawMode":0,"name":"Shaded","section":"Shading Mode"},"sceneLighting":true,"audioPlay":false,"sceneViewState":{"showFog":true,"showMaterialUpdate":true,"showSkybox":false,"showFlares":true,"showImageEffects":true,"showParticleSystems":true},"in2DMode":false,"pivot":{"x":-0.3492002487182617,"y":0.8566513061523438,"z":-2.0019044876098635},"rotation":{"x":-0.05258878320455551,"y":0.3181653618812561,"z":-0.01765359565615654,"w":-0.9464375972747803},"size":10.01029109954834,"orthographic":false}