{"cameraMode":{"drawMode":0,"name":"Shaded","section":"Shading Mode"},"sceneLighting":false,"audioPlay":false,"sceneViewState":{"showFog":true,"showMaterialUpdate":true,"showSkybox":false,"showFlares":true,"showImageEffects":true,"showParticleSystems":true},"in2DMode":false,"pivot":{"x":3.741556167602539,"y":8.030916213989258,"z":4.021896839141846},"rotation":{"x":-0.12206875532865524,"y":-0.09810508042573929,"z":0.012562057934701443,"w":-0.9877687096595764},"size":5.382654666900635,"orthographic":false}